<Server port="8105" shutdown="SHUTDOWN">
  <Service name="Virtual Hosting Tomcat">
    
    <!--
    <Connector port="8080"
               maxThreads="150" minSpareThreads="25" maxSpareThreads="75"
               enableLookups="false" redirectPort="8443" acceptCount="100"
               debug="0" connectionTimeout="20000" 
               disableUploadTimeout="true" />
    -->
    
    <!-- Define a Coyote/JK2 AJP 1.3 Connector on port 8009 -->
    <Connector port="8010" 
               enableLookups="false" debug="0"
               protocol="AJP/1.3" />

    <Engine name="Catalina" defaultHost="www.jasperbook.com">

      <!-- Global logger unless overridden at lower levels -->
      <!-- Tomcat 5.0.x only -->
      <!--
      <Logger className="org.apache.catalina.logger.FileLogger"
              prefix="catalina_log." suffix=".txt"
              timestamp="true"/>
      -->

      <Host name="www.jasperbook.com" debug="0" 
            appBase="C:/home/sites/jasperbook.com/webapps" 
            unpackWARs="true">

        <Valve className="org.apache.catalina.valves.AccessLogValve"
               directory="C:/home/sites/jasperbook.com/logs" 
               prefix="jasperbook.com.access."
               suffix=".log"
               pattern="common"/>

         <!-- Tomcat 5.0.x only -->
         <!--
         <Logger className="org.apache.catalina.logger.FileLogger"
                 directory="C:/home/sites/jasperbook.com/logs"  
                 prefix="jasperbook.com." 
                 suffix=".log"
                 timestamp="true"/>
         -->
      </Host>

    </Engine>
  </Service>
</Server>
